case,test,chi2,p_value,dof,cramers_v,n_total,min_expected_count,p_value_bh
C4,chi_square_independence,365.5285472005853,3.388965216995597e-62,25,0.15584483023082107,3010,15.953488372093023,6.777930433991194e-62
C3,chi_square_independence,57.94810713344051,0.00019926856906274035,25,0.23057189993547278,218,1.610091743119266,0.00019926856906274035
