epoch,train_loss,val_loss
1.0,0.5786,0.11098624020814896
2.0,0.0904,0.08956527709960938
3.0,0.0642,0.08832576125860214
4.0,0.042,0.08953623473644257
5.0,0.0224,0.10727965831756592
6.0,0.0086,0.12750250101089478
7.0,0.0025,0.17066361010074615
