epoch,train_loss,val_loss
1.0,0.2761,0.1186651960015297
2.0,0.0907,0.09826722741127014
3.0,0.0539,0.1404935121536255
4.0,0.0247,0.14434774219989777
5.0,0.0121,0.2170129418373108
