epoch,train_loss,val_loss
1.0,1.6541,0.05480743944644928
2.0,0.0439,0.05184045806527138
3.0,0.031,0.041133392602205276
4.0,0.0223,0.04511760175228119
5.0,0.0178,0.04624544456601143
6.0,0.0126,0.05951528251171112
7.0,0.0091,0.06475160270929337
