epoch,train_loss,val_loss
1.0,0.2482,0.12866340577602386
2.0,0.1042,0.13001413643360138
3.0,0.0674,0.13641519844532013
4.0,0.0394,0.15305882692337036
