epoch,train_loss,val_loss
1,0.000800,0.000291
2,0.000500,0.000122
3,0.000400,0.000072
4,0.000200,0.000048
5,0.000200,0.000036
6,0.000100,0.000028
7,0.000100,0.000023
8,0.000100,0.000020
9,0.000100,0.000018
10,0.000100,0.000017
