epoch,train_loss,val_loss
1.0,0.726,0.10040779411792755
2.0,0.1163,0.12523715198040009
3.0,0.0963,0.11247233301401138
4.0,0.1247,0.08828698098659515
5.0,0.1437,0.14411601424217224
6.0,0.1638,0.12832964956760406
7.0,0.1533,0.11249111592769623
8.0,0.1569,0.1289517730474472
