epoch,train_loss,val_loss
1,0.3745299065400982,0.21912806243030616
2,0.1573070220630627,0.1829333176262845
3,0.09916136802488916,0.16132443645142944
4,0.06451180454102477,0.19124521017507032
5,0.04577511662363412,0.2030984431000079
6,0.032488492831891626,0.23313645704644126
