epoch,train_loss,val_loss
1.0,0.2284,0.11404291540384293
2.0,0.0892,0.13640500605106354
3.0,0.0497,0.11932163685560226
4.0,0.0235,0.1627405434846878
