epoch,train_loss,val_loss
1.0,0.7218,0.40615442395210266
2.0,0.1152,0.21686378121376038
3.0,0.0688,0.1956644505262375
4.0,0.0474,0.13985411822795868
5.0,0.03,0.14149698615074158
6.0,0.0215,0.13615217804908752
7.0,0.0154,0.14371953904628754
8.0,0.0126,0.14719390869140625
9.0,0.0089,0.15721219778060913
10.0,0.0077,0.159017875790596
