epoch,train_loss,val_loss
1.0,0.2519,0.13148637115955353
2.0,0.0876,0.11095766723155975
3.0,0.0503,0.13279245793819427
4.0,0.024,0.13638898730278015
5.0,0.0137,0.2064557522535324
