epoch,train_loss,val_loss
1.0,0.3012,0.12508553266525269
2.0,0.0784,0.08148612827062607
3.0,0.0585,0.13572219014167786
4.0,0.0433,0.10599875450134277
5.0,0.0316,0.10932691395282745
6.0,0.0212,0.13580308854579926
