epoch,train_loss,val_loss
1.0,0.4643,0.10203499346971512
2.0,0.0819,0.10169701278209686
3.0,0.0488,0.1009562686085701
4.0,0.0235,0.10392393171787262
5.0,0.0081,0.12153413146734238
6.0,0.0012,0.14240433275699615
7.0,0.0001,0.16795110702514648
