epoch,train_loss,val_loss
1.0,0.2795,0.15195569396018982
2.0,0.11,0.12478550523519516
3.0,0.0725,0.13058023154735565
4.0,0.0459,0.14603351056575775
5.0,0.0318,0.18255861103534698
