epoch,train_loss,val_loss
1.0,0.4098,0.2015981674194336
2.0,0.1785,0.15543074905872345
3.0,0.1318,0.15295010805130005
4.0,0.1034,0.15508310496807098
5.0,0.0853,0.14063134789466858
6.0,0.0723,0.15009257197380066
7.0,0.0622,0.21020957827568054
8.0,0.051,0.22471043467521667
