epoch,train_loss,val_loss
1.0,0.291,0.11979617923498154
2.0,0.0949,0.09418006241321564
3.0,0.0557,0.11546216905117035
4.0,0.0331,0.1326974630355835
5.0,0.0184,0.19432908296585083
