epoch,train_loss,val_loss
1.0,0.4292,0.12443241477012634
2.0,0.0997,0.0989060029387474
3.0,0.0739,0.09798627346754074
4.0,0.0555,0.10552944242954254
5.0,0.0395,0.10821491479873657
6.0,0.0237,0.11208324879407883
7.0,0.0111,0.14028143882751465
