epoch,train_loss,val_loss
1.0,0.2437,0.19065433740615845
2.0,0.131,0.11043903976678848
3.0,0.0919,0.1472601443529129
4.0,0.0689,0.12254995852708817
5.0,0.0463,0.19071976840496063
