epoch,train_loss,val_loss
1,0.26262532003905686,0.18955059177751155
2,0.15120961168896999,0.16988548129154354
3,0.13070030110905229,0.1659266663786099
4,0.11725741309895855,0.16536750618817092
5,0.10513786541792101,0.17881256400954496
6,0.09490291785805563,0.17870359338949834
7,0.0852136927124243,0.1890711717300227
8,0.07831682565936182,0.20173471482643965
9,0.07126619350154452,0.204578988561431
10,0.06457456025893941,0.21319664955301826
